,Merchant,Suburb,GPlace_Name,GPlace_Id,GAddr,GCat0,GCat1,GCat2
0,HARVIN SPICES,HURSTVILLE BC,UNKNOWN,UNKNOWN,UNKNOWN,grocery_or_supermarket,UNCATEGORIZED,UNCATEGORIZED
1,DELISSE,SYDNEY,Delisse,ChIJsWvvmWquEmsR_6P02hd1eGQ,"52 Martin Place, Sydney",cafe,bakery,restaurant
2,SOUTHGATE GROUP AUSTRA,SYDNEY,West End Motor Group Pty Ltd,ChIJ8QmHpuaYEmsRMprnJNboLQo,Blacktown,car_dealer,store,UNCATEGORIZED
3,Deli Ziosa,SYDNEY,Deli Ziosa,ChIJE4-sEUCuEmsRSmjjt4PXDlE,"Shop 6.17, MLC Food Court, 19/21 Martin Place, Sydney",meal_takeaway,restaurant,food
5,BING LEE HURSTVILLE,HURSTVILLE BC,UNKNOWN,UNKNOWN,UNKNOWN,UNCATEGORIZED,UNCATEGORIZED,UNCATEGORIZED
6,LA CANTINA ON KENT,SYDNEY,La Cantina Café North Sydney,ChIJU1q2xOyuEmsRUs023sEMv00,"168 Walker Street, North Sydney",cafe,food,UNCATEGORIZED
7,DIRECT DEBIT 142619 TPG INTERNET DH9Q0HB22EP03GJKN,UNKNOWN,UNKNOWN,UNKNOWN,UNKNOWN,UNCATEGORIZED,UNCATEGORIZED,UNCATEGORIZED
8,LUO  SONG CHICKEN QPS PEAKHURST  AUS,UNKNOWN,UNKNOWN,UNKNOWN,UNKNOWN,UNCATEGORIZED,UNCATEGORIZED,UNCATEGORIZED
9,PLINE PH SUTHERLAND,SUTHERLAND,Priceline Pharmacy Interchange,ChIJSe6UidOoEmsRbVGylc3c6vk,"40/436 Victoria Avenue, Chatswood",pharmacy,health,store
10,UBER TRIP WJAQC HELPU 14518236738 AU AUS,UNKNOWN,UNKNOWN,UNKNOWN,UNKNOWN,UNCATEGORIZED,UNCATEGORIZED,UNCATEGORIZED
12,JB HI FI MIRANDA,MIRANDA,JB Hi-Fi Miranda,ChIJiaA5U5vHEmsREPFXglmojcU,"Westfield Miranda Shopping Centre, G114-115/600 Kingsway, Miranda",electronics_store,car_repair,home_goods_store
13,COLES 4789,SUTHERLAND,Coles Supermarkets,ChIJI-V7O0jHEmsRLYuA_QQYWVM,"822-826 Old Princes Highway, Sutherland",grocery_or_supermarket,food,store
14,PHARMACY DEPOT HURSQPS,HURSTVILLE BC,UNKNOWN,UNKNOWN,UNKNOWN,UNCATEGORIZED,UNCATEGORIZED,UNCATEGORIZED
15,ROMEOS FOODHALL SUTHER,SUTHERLAND,Romeos IGA Food Hall Sutherland,ChIJj3jB9kfHEmsR_ul1DArSB5s,"561 President Avenue, Sutherland",shopping_mall,grocery_or_supermarket,food
16,TRANSFER TO OTHER BANK NETBANK RENT PRESIDENT AVE,UNKNOWN,UNKNOWN,UNKNOWN,UNKNOWN,UNCATEGORIZED,UNCATEGORIZED,UNCATEGORIZED
17,DIRECT DEBIT 142619 TPG INTERNET DH9M1IFK4EH03GJKN,UNKNOWN,UNKNOWN,UNKNOWN,UNKNOWN,UNCATEGORIZED,UNCATEGORIZED,UNCATEGORIZED
18,WDL ATM CBA ATM  WYNYARD A      NSW 200901   AUS,UNKNOWN,UNKNOWN,UNKNOWN,UNKNOWN,UNCATEGORIZED,UNCATEGORIZED,UNCATEGORIZED
19,LONGO GROUP PTY LTD GYMEA  AUS,UNKNOWN,UNKNOWN,UNKNOWN,UNKNOWN,UNCATEGORIZED,UNCATEGORIZED,UNCATEGORIZED
20,PRICERIGHT VARIETY,SUTHERLAND,Priceright,ChIJ38frfUjHEmsR4adc-al6bm0,"8/41-47 Eton Street, Sutherland",store,UNCATEGORIZED,
22,SQ WHITE HORSE COFFEE,SUTHERLAND,White Horse Coffee,ChIJ4eneg0jHEmsR5VC1226oJ7w,"2/137 Flora Street, Sutherland",cafe,food,store
24,CAFE 2232,SUTHERLAND,Cafe 2232,ChIJNwrdV0jHEmsRjm5uq7IzdfI,"43 East Parade, Sutherland",cafe,food,UNCATEGORIZED
26,TRANSPORT FOR NSW,SYDNEY,Lost Property Transport Sydney Trains,ChIJK9LH7iOuEmsRxJXGAVcr_s4,"484 Pitt Street, Haymarket",UNCATEGORIZED,,
27,GUZMAN Y GOMEZ MLC QPS,SYDNEY,Guzman y Gomez Mexican Taqueria,ChIJrT6HsT-uEmsR8d3mJ5DkCKA,"MLC Centre Food Court, 14 Martin Place, Sydney",restaurant,food,UNCATEGORIZED
28,DIRECT DEBIT 119218 VODAFONE T3D11E51E,UNKNOWN,UNKNOWN,UNKNOWN,UNKNOWN,UNCATEGORIZED,UNCATEGORIZED,UNCATEGORIZED
29,Crafty Cuts,SYDNEY,Crafty Cuts,ChIJk8tbCECuEmsRES9TzgBsDDI,"MLC Centre, Tenancy 6:16/19-29 Martin Place, Sydney",meal_takeaway,restaurant,food
31,UBER TRIP IUFLJ HELPU 14518236738 AU AUS,UNKNOWN,UNKNOWN,UNKNOWN,UNKNOWN,UNCATEGORIZED,UNCATEGORIZED,UNCATEGORIZED
35,POST   SUTHERLAND PO,SUTHERLAND,Australia Post,ChIJXRt3hEjHEmsRdyJ5a0mjrnA,"139 Flora Street, Sutherland",post_office,finance,UNCATEGORIZED
36,FORTUNATO  CO P L,SUTHERLAND,UNKNOWN,UNKNOWN,UNKNOWN,UNCATEGORIZED,UNCATEGORIZED,UNCATEGORIZED
37,JUST FALAFEL CENTRAL,HAYMARKET,Street Food,ChIJJb7msyauEmsRG318IfuRAe0,"8/2 Lee Street, Haymarket",restaurant,meal_delivery,meal_takeaway
38,SUSHI HUB,BROADWAY,Sushi Hub Sydney Central,ChIJ9SHspiauEmsREv7orwlkA_I,"2/815-825 George Street, Haymarket",restaurant,food,UNCATEGORIZED
41,DAVID TRACY NSW PTY,SYDNEY,UNKNOWN,UNKNOWN,UNKNOWN,UNCATEGORIZED,UNCATEGORIZED,UNCATEGORIZED
42,BIG W 0182,HURSTVILLE BC,UNKNOWN,UNKNOWN,UNKNOWN,UNCATEGORIZED,UNCATEGORIZED,UNCATEGORIZED
43,UBER   TRIP 6VFP2,SYDNEY,Uber Sydney,ChIJd29oCNqkEmsRg4kMlo6oK-g,"19 Victoria Avenue, Concord West",UNCATEGORIZED,,
44,HOK LAI PTY LTD    QPS,HAYMARKET,UNKNOWN,UNKNOWN,UNKNOWN,UNCATEGORIZED,UNCATEGORIZED,UNCATEGORIZED
45,CTX SYLVANIA HEIGHTS SYLVANIA  AUS,UNKNOWN,UNKNOWN,UNKNOWN,UNKNOWN,UNCATEGORIZED,UNCATEGORIZED,UNCATEGORIZED
48,TASTE OF LEBANON HRS,HURSTVILLE BC,UNKNOWN,UNKNOWN,UNKNOWN,UNCATEGORIZED,UNCATEGORIZED,UNCATEGORIZED
49,FRANK AND BLANCO PL,SUTHERLAND,Frank and Blanco,ChIJv-28Y0jHEmsRMyll3NR6kr0,"790 Old Princes Highway, Sutherland",restaurant,food,UNCATEGORIZED
52,GoGetCarshare,HAYMARKET,GoGet CarShare Pod,ChIJVWxHdyuuEmsROkfOjA4jAK4,"402/59 Goulburn Street, Haymarket",UNCATEGORIZED,,
53,REMOVALIST GROUP PL CHIPPING NORT NS AUS,UNKNOWN,UNKNOWN,UNKNOWN,UNKNOWN,UNCATEGORIZED,UNCATEGORIZED,UNCATEGORIZED
57,Wdl ATM CBA ATM,SUTHERLAND,Commonwealth Bank,ChIJucC_pbavEmsRbtZ48zurdi4,"259 Darling Street, Balmain",bank,atm,finance
58,LAMB  CUMIN AUSTRAL CONDELL PARK NS AUS,UNKNOWN,UNKNOWN,UNKNOWN,UNKNOWN,UNCATEGORIZED,UNCATEGORIZED,UNCATEGORIZED
62,TRUPT PL EDMONDSON PAR  AUS,UNKNOWN,UNKNOWN,UNKNOWN,UNKNOWN,UNCATEGORIZED,UNCATEGORIZED,UNCATEGORIZED
64,CHEMIST WAREHOUSE,HURSTVILLE BC,UNKNOWN,UNKNOWN,UNKNOWN,UNCATEGORIZED,UNCATEGORIZED,UNCATEGORIZED
65,OFFICEWORKS 0251,SYDNEY,"Officeworks Pitt St, Sydney",ChIJDV30ZT6uEmsRcwI2fR-tkP0,"242 Pitt Street, Sydney",electronics_store,furniture_store,home_goods_store
66,CITY BEACH,HURSTVILLE BC,UNKNOWN,UNKNOWN,UNKNOWN,UNCATEGORIZED,UNCATEGORIZED,UNCATEGORIZED
67,PATTAN SUPERMARKET HARRIS PARK  AUS,UNKNOWN,UNKNOWN,UNKNOWN,UNKNOWN,UNCATEGORIZED,UNCATEGORIZED,UNCATEGORIZED
70,BEST  LESS,HURSTVILLE BC,UNKNOWN,UNKNOWN,UNKNOWN,UNCATEGORIZED,UNCATEGORIZED,UNCATEGORIZED
71,DANCEKOOL PTY LTD,HAYMARKET,UNKNOWN,UNKNOWN,UNKNOWN,UNCATEGORIZED,UNCATEGORIZED,UNCATEGORIZED
73,MIRCHI HURSTVILLE IN,HURSTVILLE BC,UNKNOWN,UNKNOWN,UNKNOWN,UNCATEGORIZED,UNCATEGORIZED,UNCATEGORIZED
76,LITTLE INDIA  HARRIS HARRIS PARK NS AUS,UNKNOWN,UNKNOWN,UNKNOWN,UNKNOWN,UNCATEGORIZED,UNCATEGORIZED,UNCATEGORIZED
77,NETFLIXCOM MELBOURNE AU AUS,UNKNOWN,UNKNOWN,UNKNOWN,UNKNOWN,UNCATEGORIZED,UNCATEGORIZED,UNCATEGORIZED
79,UBER   TRIP 7GVI6,SYDNEY,Uber Sydney,ChIJd29oCNqkEmsRg4kMlo6oK-g,"19 Victoria Avenue, Concord West",UNCATEGORIZED,,
82,UBER   TRIP H72CA,SYDNEY,Uber Sydney,ChIJd29oCNqkEmsRg4kMlo6oK-g,"19 Victoria Avenue, Concord West",UNCATEGORIZED,,
84,DOLLAR KING AUSTRALQPS,BURWOOD,Dollar King,ChIJl5twL5WvEmsRe7uUn6YlJmg,"19 Roseby Street, Drummoyne",store,UNCATEGORIZED,
85,SUNSHINE 11 PTY LTD MARTIN PLACE NS AUS,UNKNOWN,UNKNOWN,UNKNOWN,UNKNOWN,UNCATEGORIZED,UNCATEGORIZED,UNCATEGORIZED
87,CHATKAZZ PTY LTD HARRIS PARK  AUS,UNKNOWN,UNKNOWN,UNKNOWN,UNKNOWN,UNCATEGORIZED,UNCATEGORIZED,UNCATEGORIZED
88,BUNNINGS 724000    QPS,GIRRAWEEN,UNKNOWN,UNKNOWN,UNKNOWN,UNCATEGORIZED,UNCATEGORIZED,UNCATEGORIZED
89,DIRECT DEBIT 401938 ORIGIN ELEC 052004131315,UNKNOWN,UNKNOWN,UNKNOWN,UNKNOWN,UNCATEGORIZED,UNCATEGORIZED,UNCATEGORIZED
95,BEANS AND BALLS,SYDNEY,Beans & Balls,ChIJ594HCUCuEmsRsvHRk2LstEw,"19 Martin Place, Sydney",cafe,food,UNCATEGORIZED
99,DEFT RENT            NetBank BPAY 4481 26169508 1 9,GRAY,UNKNOWN,UNKNOWN,UNKNOWN,UNCATEGORIZED,UNCATEGORIZED,UNCATEGORIZED
0,ULTIMO MINIMARKET QPS,ULTIMO,UNKNOWN,UNKNOWN,UNKNOWN,grocery_or_supermarket,UNCATEGORIZED,UNCATEGORIZED
1,COLES 08001,RANDWICK,Coles Supermarkets,ChIJlQwkwBiyEmsRufq_RSqQC68,Randwick,grocery_or_supermarket,food,store
2,COLES 0839,BROADWAY,Coles Supermarkets,ChIJk87o1SeuEmsRc2T1HToXOvc,"The Broadway Shopping Centre, Broadway St, Broadway",grocery_or_supermarket,food,store
3,UBER TRIP 67OVN,SYDNEY,Uber Sydney,ChIJd29oCNqkEmsRg4kMlo6oK-g,"19 Victoria Avenue, Concord West",UNCATEGORIZED,,
4,PUB LIFE KITCHEN,ULTIMO,Pub Life Kitchen,ChIJL_IsxWWLtAEROAmFzZiGzDE,"265 Bulwara Road, Ultimo",restaurant,food,UNCATEGORIZED
5,TELSTRA ACCESSORIES MELBOURNE 1410 AUD000000002520,UNKNOWN,UNKNOWN,UNKNOWN,UNKNOWN,UNCATEGORIZED,UNCATEGORIZED,UNCATEGORIZED
6,LORD OF THE FRIES,HAYMARKET,Lord of the Fries,ChIJnbmZtiauEmsRexDdwv_Icco,"Henry Deane Plaza, 10a/18 Lee Street, Haymarket",meal_takeaway,restaurant,food
7,PATAGONIA AUSTRALIA,SYDNEY,Patagonia,ChIJ2WEEwA6rEmsRtgDgrlBWl_s,"24 Darley Road, Manly",clothing_store,store,UNCATEGORIZED
9,HFM BROADWAY,BROADWAY,Harris Farm Markets,ChIJR1uasCmuEmsR7acsrexLr20,"Broadway Shopping Centre, 1 Bay Street, Ultimo",grocery_or_supermarket,food,store
10,CALTEX RANDWICK,RANDWICK,Caltex,ChIJWf7_wvexEmsRXhuqSPVEMls,"2 Alison Road, Randwick",gas_station,UNCATEGORIZED,
11,AMAYSIM AUSTRALIA LIMI,SYDNEY,amaysim,ChIJX3Q-jEGuEmsRfzMIAZVa5JY,"6, 17-19 Bridge Street, Sydney",UNCATEGORIZED,,
12,Coogee Ground,COOGEE,McIver Baths,ChIJFblNXUCyEmsRMAqgEDo37OM,"145-149R Beach Street, Coogee",UNCATEGORIZED,,
13,LAILLTIMO CAFE N PIZZA,ULTIMO,La Illtimo Cafe & Pizzeria,ChIJXZurhC-uEmsRNmCZBfoC95k,"91 William Henry Street, Ultimo",restaurant,food,UNCATEGORIZED
14,Woolworths,HAYMARKET,Woolworths Haymarket,ChIJZ16jQCSuEmsRMSwlmuwPU08,"61/79 Quay Street, Haymarket",grocery_or_supermarket,food,store
15,IAN THORPE AQUATIC,ULTIMO,Ian Thorpe Aquatic Centre,ChIJa7KcXiWuEmsRGZ1-xgvdnY8,"Harris Street, Ultimo",gym,health,UNCATEGORIZED
16,MCDONALDS,DARLINGTON,McDonald's Roselands Shopping Centre,ChIJycwW8F-5EmsRLry579wAod0,"Roselands Shopping Centre, Roselands Drive, Roselands",meal_takeaway,restaurant,food
18,INTERNATIONAL TRANSACTION FEE,UNKNOWN,UNKNOWN,UNKNOWN,UNKNOWN,UNCATEGORIZED,UNCATEGORIZED,UNCATEGORIZED
19,INTERNATIONAL PYTHONANYWHERE 442072536372 1010 USD000000000500,UNKNOWN,UNKNOWN,UNKNOWN,UNKNOWN,UNCATEGORIZED,UNCATEGORIZED,UNCATEGORIZED
20,Exchange Cafe,RANDWICK,Cafe Randwick,ChIJuXLk7yKyEmsRnKbV_NXfrxc,"37 Saint Pauls Street, Randwick",cafe,restaurant,food
21,Syd Aprt Intnl Carp50,SYDNEY,UNKNOWN,UNKNOWN,UNKNOWN,UNCATEGORIZED,UNCATEGORIZED,UNCATEGORIZED
22,CONCIERGE CAR WASH,BROADWAY,Concierge Car Wash Westfield Parramatta,ChIJrQTtQiCjEmsRreFCMprP_IU,"159/175 Church Street, Parramatta",car_wash,UNCATEGORIZED,
23,RANDWICK PLAZA FRUIT,RANDWICK,Randwick Plaza Fruit Centre,ChIJ21LzIxuyEmsRcbHL3mLFrqQ,"128 Belmore Road, Randwick",food,store,UNCATEGORIZED
25,KMART 1155,BROADWAY,Kmart,ChIJEf7__9SvEmsRr1LEba-hRaE,"Bay Street, Broadway",department_store,shoe_store,book_store
26,WOLESLEY MGT PTY LTD,ULTIMO,UNKNOWN,UNKNOWN,UNKNOWN,UNCATEGORIZED,UNCATEGORIZED,UNCATEGORIZED
31,GROUP TOGETHER,SYDNEY,UNKNOWN,UNKNOWN,UNKNOWN,UNCATEGORIZED,UNCATEGORIZED,UNCATEGORIZED
32,PRICELINE BROADWAY,BROADWAY,Priceline Broadway,ChIJjyFXfyiuEmsRo_h0OvcKK_0,"Broadway Shopping Centre, 322-323/1 Bay Street, Broadway",store,UNCATEGORIZED,
33,FRIENDLY GROCER PYRM,PYRMONT,Friendly Grocer Pyrmont,ChIJIY1bVDCuEmsRh4q6sJYvEXU,"261 Harris Street, Pyrmont",grocery_or_supermarket,food,store
34,UNICAFE,KENSINGTON,Uniside Cafe,ChIJK4XhH4yxEmsRIzDXSZC84zA,"235 Anzac Parade, Kensington",cafe,food,UNCATEGORIZED
36,BRONE SURF LIFE SAVING,BRONTE,Bronte Surf Life Saving Club,ChIJP3kpEIitEmsRA_yU7n11PEg,"Bronte Beach, Bronte Road, Bronte",gym,bar,health
38,Sonoma Cafe Bondi,BONDI BEACH,Sonoma Cafe Bondi,ChIJ_UHCsZ6tEmsRQrd9axTHYUQ,"r10/178 Campbell Parade, Bondi Beach",cafe,food,UNCATEGORIZED
40,Club Sushi,PYRMONT,Sushi Club,ChIJY3WrSDCuEmsRzkv3yj6VzVc,"313 Harris Street, Sydney",meal_takeaway,restaurant,food
41,SPOTLIGHT 030,DRUMMOYNE,Spotlight Birkenhead Pt,ChIJfdhvJZWvEmsRbAOthBUSpfI,"Roseby Street, Drummoyne",furniture_store,home_goods_store,store
43,EBANKING TRANSFER 0132269686 0034046540V501,UNKNOWN,UNKNOWN,UNKNOWN,UNKNOWN,UNCATEGORIZED,UNCATEGORIZED,UNCATEGORIZED
44,EBANKING TRANSFER 0132269657 0024701161V501,UNKNOWN,UNKNOWN,UNKNOWN,UNKNOWN,UNCATEGORIZED,UNCATEGORIZED,UNCATEGORIZED
45,BROWN JERSEY BIKES,ULTIMO,Brown Jersey Ultimo,ChIJQ_OStyiuEmsR_ELe-4NR0rg,"478 Wattle Street, Ultimo",bicycle_store,store,UNCATEGORIZED
46,CLEAN EXPRESS LAUNDE,ULTIMO,Clean Express Laundrette and Dry Cleaners,ChIJMURTCi-uEmsRmrImhAAc-yA,"94/69-81 William Henry Street, Ultimo",laundry,UNCATEGORIZED,
47,COLES EXPRESS 1698,ULTIMO,Coles Express,ChIJ1dZqySiuEmsRXYAxQowoito,"387-427 Wattle Street, Ultimo",convenience_store,gas_station,food
49,INTERNATIONAL FS DISCOURSEHOST 8773278914 0510 USD000000022000,UNKNOWN,UNKNOWN,UNKNOWN,UNKNOWN,UNCATEGORIZED,UNCATEGORIZED,UNCATEGORIZED
52,SPOTLESS FACILITY SE,MOSMAN,Spotless,ChIJsQUOfZ6lEmsRncQSAFNL99k,"5/476 Victoria Road, Gladesville",laundry,food,UNCATEGORIZED
53,INTERNATIONAL GOOGLE PIXELBITGCOHELPPAY 0410 AUD000000000169,UNKNOWN,UNKNOWN,UNKNOWN,UNKNOWN,UNCATEGORIZED,UNCATEGORIZED,UNCATEGORIZED
54,Woolworths,SYDNEY,Woolworths Town Hall,ChIJo8ZIgT6uEmsRYhbUtXBWzhg,"Park Street & George Street, Sydney",grocery_or_supermarket,food,store
55,ABATTOIR BLUES,SYDNEY,Abattoir Blues,ChIJUxuTbrakEmsRus2gO3lOd-c,"Building C/1 Herb Elliott Avenue, Sydney Olympic Park",restaurant,cafe,bar
56,,AREYONGA,UNKNOWN,UNKNOWN,UNKNOWN,UNCATEGORIZED,UNCATEGORIZED,UNCATEGORIZED
57,HARRIS FARM MARKETS,RANDWICK,Harris Farm Markets Randwick,ChIJ-f7lHxmyEmsR01fRBJvIdyY,"11/73-109 Belmore Road, Randwick",grocery_or_supermarket,food,store
59,CITYOFSYDNEY PARKING,SYDNEY,Domain Car Park,ChIJP7cfxBSuEmsR1PdgphdqFxs,"Saint Marys Road, Sydney",parking,UNCATEGORIZED,
60,INTERNATIONAL AMAZON WEB SERV1AWSAMAZONCO 0210 AUD000000001943,UNKNOWN,UNKNOWN,UNKNOWN,UNKNOWN,UNCATEGORIZED,UNCATEGORIZED,UNCATEGORIZED
61,QUARRY ST CAFE,ULTIMO,Quarry St Cafe,ChIJoYjn6C-uEmsRDmx25IkZIfM,"101 Quarry Street, Ultimo",cafe,food,UNCATEGORIZED
62,MCDONALDS KELLYVIL1KELLYVILLE 2909 AUD000000003050,UNKNOWN,McDonald's Kellyville,ChIJz89dGuyhEmsRWaUvXb5D1AE,"658 Windsor Road, Kellyville",meal_takeaway,restaurant,food
63,WOOLWORTHS 1631,RANDWICK,Woolworths Randwick,ChIJ90DR4RiyEmsR3e1vSHXdgug,"73 Belmore Road, Randwick",grocery_or_supermarket,food,store
64,WOOLWORTHS 1905,BROADWAY,Woolworths Central Park,ChIJ1T38sSeuEmsRJm47QGX6GA8,"26-60 Broadway, Chippendale",grocery_or_supermarket,food,store
65,TPG Internet PTY LT,NORTH RYDE,TPG Telecom,ChIJ6zDIWD5d1moRfHBO3nzf7c8,"65 Waterloo Road, North Ryde",UNCATEGORIZED,,
66,CREDIT TRANSFER 0131855575 00247011616601,UNKNOWN,UNKNOWN,UNKNOWN,UNKNOWN,UNCATEGORIZED,UNCATEGORIZED,UNCATEGORIZED
68,POWERSHOP AUSTRALIA MELBOURNE 2909 AUD000000003481,UNKNOWN,UNKNOWN,UNKNOWN,UNKNOWN,UNCATEGORIZED,UNCATEGORIZED,UNCATEGORIZED
69,COFFEE ON CAMPUS,KINGSFORD,Coffee On Campus,ChIJ40SFUYqxEmsRDDt0GCDMfhs,Kensington,cafe,food,UNCATEGORIZED
72,KENNARDS SELF STORAGE,ULTIMO,Kennards Self Storage Ultimo,ChIJF1Tipi-uEmsRZFMK7py5VA8,"444 Jones Street, Ultimo",storage,UNCATEGORIZED,
73,PAYPAL MENULOGPTYL4029357733 2809 AUD000000010000,UNKNOWN,UNKNOWN,UNKNOWN,UNKNOWN,UNCATEGORIZED,UNCATEGORIZED,UNCATEGORIZED
74,ALDI STORES,BROADWAY,ALDI Broadway,ChIJXT5kmCmuEmsRqEhdB4Br0Pw,1 Broadway,liquor_store,grocery_or_supermarket,food
75,CITY OF SYDNEY OBG,SYDNEY,City of Sydney,ChIJVZXougWuEmsREfSrISYHLNE,"247 Oxford Street, Paddington",local_government_office,UNCATEGORIZED,
79,INTERNATIONAL SP  SHAMMA SANDALS8312391823 2709 USD000000016600,UNKNOWN,UNKNOWN,UNKNOWN,UNKNOWN,UNCATEGORIZED,UNCATEGORIZED,UNCATEGORIZED
80,TROPICAL GREEN,KENSINGTON,Tropical Green,ChIJ1bitbSCyEmsReFMPUPDhp7c,"Pavilions Building, Kensington",restaurant,food,UNCATEGORIZED
81,The Greens NSW Inc,GLEBE,The Greens NSW,ChIJIcQFwUqwEmsRnT7E89OmxVA,"D/275 Broadway, Glebe",UNCATEGORIZED,,
83,TASTE BAGUETTE DARLN,SYDNEY,Taste Baguette & Grill,ChIJ7RmdoDuuEmsRjxir7hQSJmY,"Shop 11-12/1-25 Harbour Street, Sydney",cafe,food,UNCATEGORIZED
87,TAXI COMBINED 13330,ALEXANDRIA,Taxis Combined,ChIJ1zC5d7ixEmsRqRcqJmrNn_E,Alexandria,UNCATEGORIZED,,
88,JOHNNYS FRESH PL,PYRMONT,UNKNOWN,UNKNOWN,UNKNOWN,UNCATEGORIZED,UNCATEGORIZED,UNCATEGORIZED
89,CARRINGTON 565 PT2,SURRY HILLS,The Carrington,ChIJu6vKxaeMtAER5XhsUNdSBh4,"565 Bourke Street, Surry Hills",bar,restaurant,food
90,WOOLWORTHS 1248,SYDNEY,Woolworths Town Hall,ChIJo8ZIgT6uEmsRYhbUtXBWzhg,"Park Street & George Street, Sydney",grocery_or_supermarket,food,store
93,MYREPUBLIC BROADBAN,ALEXANDRIA,UNKNOWN,UNKNOWN,UNKNOWN,UNCATEGORIZED,UNCATEGORIZED,UNCATEGORIZED
95,INTERNATIONAL DAVID ROBINSON 6502043486 2509 USD000000000500,UNKNOWN,UNKNOWN,UNKNOWN,UNKNOWN,UNCATEGORIZED,UNCATEGORIZED,UNCATEGORIZED
96,SUSHIROLL UNSW PL,KENSINGTON,UNKNOWN,UNKNOWN,UNKNOWN,UNCATEGORIZED,UNCATEGORIZED,UNCATEGORIZED
98,GRADUEAT,KENSINGTON,Gradueat,ChIJ3yBeEiCyEmsR3Z_qiVlVJW0,Kensington,restaurant,food,UNCATEGORIZED
0,7ELEVEN 2180,ASHFIELD,7-Eleven Ashfield,ChIJh1PJ7Je6EmsRkjLrU9_iUZI,"132 Hume Highway, Ashfield",grocery_or_supermarket,atm,bakery
1,BUNNINGS 572000 PENRITH,UNKNOWN,Bunnings Penrith,ChIJWS2qccqIEmsRy3D4LMJIzm8,"2745 Wolseley Street, Jamisontown",hardware_store,furniture_store,home_goods_store
2,COLES EXPRESS 1557 MINTO,UNKNOWN,COLES EXPRESS MINTO,ChIJezs0bA3sEmsRAyH3R0kh7_o,"Pembroke Road, Minto",gas_station,UNCATEGORIZED,
3,PATEL CONVENIENCE ST,ASHFIELD,Patel grocery store,ChIJ-yQFhb26EmsRIzVuaRPIMTA,"55/1 Brown Street, Ashfield",grocery_or_supermarket,food,store
4,ADRIANO ZUMBO PATISS,SYDNEY,Adriano Zumbo Patissier,ChIJoz1Jd3OyEmsR0uN29ta55Qo,"24 Arden Street, Waverley",bakery,cafe,food
5,DAVID TRACY INVESTMENT,SYDNEY,UNKNOWN,UNKNOWN,UNKNOWN,UNCATEGORIZED,UNCATEGORIZED,UNCATEGORIZED
6,TOP JUICE MLC CENTRE,SYDNEY,Top Juice,ChIJy9fa3TyuEmsRCvBVWrF52AI,"World Square Shopping Centre, Lower Ground, Shop 9.K7, 680 George St, Sydney",food,UNCATEGORIZED,
8,IGNACIO AUST PTY LTD,ASHFIELD,Ashfields of Fruit,ChIJezZya5a6EmsRw_V-3b8BOJI,"260A Liverpool Road, Ashfield",grocery_or_supermarket,food,store
9,TRANSPORT FOR NSWOPAL,CHIPPENDALE,Transport for NSW,ChIJg_ZH16QZE2sR_5jiNkeDLT4,"18 Lee Street, Chippendale",local_government_office,UNCATEGORIZED,
10,CHOCOLAT AT THE QUAY,SYDNEY,Guylian,ChIJ42AxcF1iDWsRGEoAvnXhGrs,"Opera Quays, 10/3 Macquarie Street, Sydney",cafe,food,UNCATEGORIZED
11,FOREVER TWENTY ONE,BANKSTOWN,UNKNOWN,UNKNOWN,UNKNOWN,UNCATEGORIZED,UNCATEGORIZED,UNCATEGORIZED
12,HOMEBUSH HALAL MEATS,ASHFIELD,Homebush Halal Meats,ChIJTSLTob26EmsRSDpV7nMz1nY,"8 Charlotte Street, Ashfield",food,store,UNCATEGORIZED
13,COLES 0791,ASHFIELD,Coles Supermarkets,ChIJezZya5a6EmsROFbcSjExGqc,"Liverpool Rd & Knox St, Ashfield Mall, Ashfield",grocery_or_supermarket,food,store
14,Pablo  Rustys 161,NORTH RYDE,Pablo & Rusty's Coffee Roasters,ChIJlQzbPT6uEmsRdMutKU9hWds,"161 Castlereagh Street, Sydney",cafe,food,store
15,HJ CIRCULAR QUAY CIRCULAR QUAY,UNKNOWN,UNKNOWN,UNKNOWN,UNKNOWN,UNCATEGORIZED,UNCATEGORIZED,UNCATEGORIZED
17,THE BODY SHOP SYDNEY,SYDNEY,The Body Shop,ChIJiVwrjT6uEmsReupgeNgrz-U,"65/455 George Street, Sydney",store,UNCATEGORIZED,
18,AD S KITCHEN,ASHFIELD,AD's Kitchen,ChIJ6W9OLJW6EmsRIcfW9wfmJbY,"437 Liverpool Road, Ashfield",restaurant,food,UNCATEGORIZED
20,ALLANS BILLY HYDE,SYDNEY,Allans Billy Hyde,ChIJwRplRj6uEmsRU1ocaIVI0rY,"228 Pitt Street, Sydney",store,UNCATEGORIZED,
22,Nutorious,SYDNEY,Nutorious,ChIJO6MT8j6uEmsR-862uZoZlqs,"455 George Street, Sydney",food,store,UNCATEGORIZED
23,BUNNINGS 595000,ASHFIELD,Bunnings Ashfield,ChIJQwsKz6-6EmsRtbFMGVpbJ14,"Cnr Parramatta Rd & Frederick St, Parramatta Road, Ashfield",hardware_store,furniture_store,home_goods_store
24,DISC PARTY WHSE,LIDCOMBE,Discount Party Warehouse,ChIJ15qzI1W7EmsRendOXGoDzpM,"M4/92 Parramatta Road, Lidcombe",home_goods_store,store,UNCATEGORIZED
25,JACQUELINE EVE 564,BURWOOD,Jacqui E,ChIJGwDtMcW6EmsRu7ekJELtS_w,"220/100 Burwood Road, Burwood",clothing_store,store,UNCATEGORIZED
26,,ALEXANDRIA MC,UNKNOWN,UNKNOWN,UNKNOWN,UNCATEGORIZED,UNCATEGORIZED,UNCATEGORIZED
27,CALTEX CONCORD CONCORD,UNKNOWN,UNKNOWN,UNKNOWN,UNKNOWN,UNCATEGORIZED,UNCATEGORIZED,UNCATEGORIZED
28,WESTFIELD BURWOOD,BURWOOD,Pharmacy 4 Less,ChIJ5bKxPsW6EmsR5jlGO7XBQPo,"100 Burwood Road, Burwood",pharmacy,health,store
29,TAIMEI BUSINESS PTY,ASHFIELD,UNKNOWN,UNKNOWN,UNKNOWN,UNCATEGORIZED,UNCATEGORIZED,UNCATEGORIZED
30,KABUL TASTE PTY LTD,AUBURN,Kabul International Restaurant & Bakery,ChIJU3pxu7G8EmsROUSeZ8HEOf8,"20 Civic Road, Auburn",restaurant,food,UNCATEGORIZED
31,TARGET 5171,BURWOOD,Target Burwood,ChIJpUh8N8W6EmsRjsHSRohU4Us,"100-114 Burwood Road, Burwood",department_store,clothing_store,home_goods_store
34,MEDUSA GREEK MEZE,SYDNEY,Medusa Greek Meze,ChIJ8XZx5j6uEmsRh7I7MV1Lc6I,"111 York Street, Sydney",restaurant,meal_takeaway,food
36,RMS ETOLL PH 131865,PARRAMATTA,UNKNOWN,UNKNOWN,UNKNOWN,UNCATEGORIZED,UNCATEGORIZED,UNCATEGORIZED
37,CBD NOODLES,SYDNEY,CBD Noodle,ChIJaadO40GuEmsR8xPQNYlZcQE,"1 O'Connell Street, Sydney",restaurant,food,UNCATEGORIZED
38,Ogalos Darlinghurst,DARLINGHURST,Ogalo Darlinghurst,ChIJA_J_UReuEmsRj84pU-wwG3Y,"149 Oxford Street, Darlinghurst",restaurant,food,UNCATEGORIZED
43,ASHFIELD BEST MEATS,ASHFIELD,Legend Noodle House,ChIJOxM4Mpa6EmsR39_lYUrXSQc,"241 Liverpool Road, Ashfield",restaurant,food,UNCATEGORIZED
45,ROSSINI AT THE QUAY,SYDNEY,Rossini Restaurant,ChIJh2C0gEKuEmsRvAupSeO_5nk,Alfred Street,restaurant,food,UNCATEGORIZED
47,ENERGYAUSTRALIA PTY LT MELBOURNE,UNKNOWN,UNKNOWN,UNKNOWN,UNKNOWN,UNCATEGORIZED,UNCATEGORIZED,UNCATEGORIZED
49,GG 151,CASTLECRAG,UNKNOWN,UNKNOWN,UNKNOWN,UNCATEGORIZED,UNCATEGORIZED,UNCATEGORIZED
50,BEKYA GATEWAY,SYDNEY,Bekya,ChIJIduJc0KuEmsRz9Kr-USgJus,"Gateway, Alfred Street, Sydney",restaurant,food,UNCATEGORIZED
54,Benchmark Espresso,SYDNEY,Benchmark Espresso,ChIJLWPB6z6uEmsR7pv0x9tHNu8,"119-123 York Street, Sydney",UNCATEGORIZED,,
56,DIN TAI FUNG,SYDNEY,Din Tai Fung,ChIJpy35S9miEmsR5oS5PSbtkcs,"⛶ 504/5/188 Pitt Street, Sydney",restaurant,food,UNCATEGORIZED
57,PAYMENT THANKYOU 261068,UNKNOWN,UNKNOWN,UNKNOWN,UNKNOWN,UNCATEGORIZED,UNCATEGORIZED,UNCATEGORIZED
59,HARBOURVIEW TAKEAWAY SHELLHARBOUR,UNKNOWN,UNKNOWN,UNKNOWN,UNKNOWN,UNCATEGORIZED,UNCATEGORIZED,UNCATEGORIZED
61,BEAN CONNECTED,SYDNEY,AMP CENTER,ChIJK_kAwWmuEmsRXrYd-01gGUI,"7/50 Bridge Street, Sydney",cafe,food,UNCATEGORIZED
65,TPG Internet PTY LTD,NORTH RYDE,TPG Telecom,ChIJ6zDIWD5d1moRfHBO3nzf7c8,"65 Waterloo Road, North Ryde",UNCATEGORIZED,,
66,FANG FAN PTY LTD,SYDNEY,UNKNOWN,UNKNOWN,UNKNOWN,UNCATEGORIZED,UNCATEGORIZED,UNCATEGORIZED
67,LUNEBURGER PTY LTD,SYDNEY,Luneburger German Bakery,ChIJiaA5U5vHEmsRMfmAGJXCSv0,"Shop 1066, Level 1 (Food Court) Westfield Shopping Centre 600 Kingsway, Miranda",bakery,food,store
68,AIRASIA X ON5IGD PAYPAL COM,UNKNOWN,UNKNOWN,UNKNOWN,UNKNOWN,UNCATEGORIZED,UNCATEGORIZED,UNCATEGORIZED
69,DESHI GROCERIES,ASHFIELD,Deshi Groceries,ChIJxdD_cr26EmsRAs8KX1FpYTA,"5 Station Street, Ashfield",grocery_or_supermarket,food,store
73,HJ MARULAN NORTH MARULAN,UNKNOWN,UNKNOWN,UNKNOWN,UNKNOWN,UNCATEGORIZED,UNCATEGORIZED,UNCATEGORIZED
74,PANTANOS BAR  GRILL BATHURST,UNKNOWN,UNKNOWN,UNKNOWN,UNKNOWN,UNCATEGORIZED,UNCATEGORIZED,UNCATEGORIZED
75,Grounds of The City,SYDNEY,The Grounds of the City,ChIJ2QUmiz6uEmsRQfMmet7xkzs,"Shop RG 12, 500 George Street, Sydney",restaurant,food,UNCATEGORIZED
76,BP EXP MARULAN 2330 MARULAN NORTH,UNKNOWN,UNKNOWN,UNKNOWN,UNKNOWN,UNCATEGORIZED,UNCATEGORIZED,UNCATEGORIZED
77,SHELL TOLLAND TOLLAND,UNKNOWN,UNKNOWN,UNKNOWN,UNKNOWN,UNCATEGORIZED,UNCATEGORIZED,UNCATEGORIZED
78,,DRIVER,ABC Driving School,ChIJEXhAqZhitAER7Y3arvLsaVA,"2/9 Vangeli Street, Arndell Park",UNCATEGORIZED,,
79,DONUT KING BCC BATHURST,UNKNOWN,UNKNOWN,UNKNOWN,UNKNOWN,UNCATEGORIZED,UNCATEGORIZED,UNCATEGORIZED
80,NEWMANS FUELS BLAYNEY,UNKNOWN,UNKNOWN,UNKNOWN,UNKNOWN,UNCATEGORIZED,UNCATEGORIZED,UNCATEGORIZED
81,WOOLWORTHS 1167 BATHURST,UNKNOWN,UNKNOWN,UNKNOWN,UNKNOWN,UNCATEGORIZED,UNCATEGORIZED,UNCATEGORIZED
82,7ELEVEN 2201,BURWOOD,7-Eleven Burwood,ChIJP0ghYs66EmsRzk_8N1w_hFs,"Parramatta Road, Burwood",gas_station,atm,convenience_store
83,ENFES KEBABS,SYDNEY,Enfes Kebabs,ChIJDZpopzCuEmsRfXc9BfpPHaA,"Harbourside Shopping Centre, 2-10 Darling Drive, Sydney",restaurant,food,UNCATEGORIZED
88,Indian Street Food,SYDNEY,Bang Street Food,ChIJvVmbPhmuEmsRH0dAPfdKMA8,"3/410 Crown Street, Surry Hills",restaurant,food,UNCATEGORIZED
91,BBC,WORLD SQUARE,World Square,ChIJmwPYyTyuEmsRX0mvV93VCxs,"644 George Street, Sydney",shopping_mall,UNCATEGORIZED,
94,THE,EMUNGALAN,UNKNOWN,UNKNOWN,UNKNOWN,UNCATEGORIZED,UNCATEGORIZED,UNCATEGORIZED
97,QUAY PHARMACY,SYDNEY,Quay Pharmacy,ChIJ8dVPLWiuEmsR4E4i17CziKQ,"Circular Quay Station, E2-E3 Alfred Street, Circular Quay",pharmacy,health,store
98,QT SYDNEY,SYDNEY,QT Sydney,ChIJK6RwVT6uEmsRQ447JSUTGGI,"49 Market Street, Sydney",lodging,UNCATEGORIZED,
99,URBAN ARTISANS PL,ASHFIELD,The Urban Artisans,ChIJa8p5Ipa6EmsRs27IR7xhkDo,"273 Liverpool Road, Ashfield",cafe,food,UNCATEGORIZED
