postcode,suburb,state,latitude,longitude
200,Australian National University,ACT,-35.28,149.12
221,Barton,ACT,-35.2,149.1
800,Darwin,NT,-12.8,130.96
801,Darwin,NT,-12.8,130.96
804,Parap,NT,-12.43,130.84
810,Alawa,NT,-12.38,130.88
810,Brinkin,NT,-12.38,130.88
810,Casuarina,NT,-12.38,130.88
810,Coconut Grove,NT,-12.38,130.88
810,Jingili,NT,-12.38,130.88
810,Lee Point,NT,-12.38,130.88
810,Lyons,NT,-12.38,130.88
810,Millner,NT,-12.38,130.88
810,Moil,NT,-12.38,130.88
810,Muirhead,NT,-12.38,130.88
810,Nakara,NT,-12.38,130.88
810,Nightcliff,NT,-12.38,130.88
810,Rapid Creek,NT,-12.38,130.88
810,Tiwi,NT,-12.38,130.88
810,Wagaman,NT,-12.38,130.88
810,Wanguri,NT,-12.38,130.88
811,Casuarina,NT,-12.38,130.85
812,Anula,NT,-12.4,130.91
812,Buffalo Creek,NT,-12.4,130.91
812,Holmes,NT,-12.4,130.91
812,Karama,NT,-12.4,130.91
812,Leanyer,NT,-12.4,130.91
812,Malak,NT,-12.4,130.91
812,Marrara,NT,-12.4,130.91
812,Northlakes,NT,-12.4,130.91
812,Sanderson,NT,-12.4,130.91
812,Woodleigh Gardens,NT,-12.4,130.91
812,Wulagi,NT,-12.4,130.91
813,Sanderson,NT,0,0
814,Nightcliff,NT,-12.38,130.85
815,Charles Darwin University,NT,0,0
820,Bagot,NT,-12.41,130.86
820,Bayview,NT,-12.41,130.86
820,Charles Darwin,NT,-12.41,130.86
820,Coonawarra,NT,-12.41,130.86
820,Cullen Bay,NT,-12.41,130.86
820,Darwin DC,NT,-12.41,130.86
820,Darwin International Airport,NT,-12.41,130.86
820,Darwin MC,NT,-12.41,130.86
820,East Point,NT,-12.41,130.86
820,Eaton,NT,-12.41,130.86
820,Fannie Bay,NT,-12.41,130.86
820,Larrakeyah,NT,-12.41,130.86
820,Ludmilla,NT,-12.41,130.86
820,Parap,NT,-12.41,130.86
820,Raaf Base Darwin,NT,-12.41,130.86
820,Stuart Park,NT,-12.41,130.86
820,The Gardens,NT,-12.41,130.86
820,The Narrows,NT,-12.41,130.86
820,Winnellie,NT,-12.41,130.86
820,Woolner,NT,-12.41,130.86
821,Winnellie,NT,-12.43,130.88
822,Acacia Hills,NT,-12.8,131.13
822,Angurugu,NT,-12.8,131.13
822,Anindilyakwa,NT,-12.8,131.13
822,Annie River,NT,-12.8,131.13
822,Bathurst Island,NT,-12.8,131.13
822,Bees Creek,NT,-12.8,131.13
822,Belyuen,NT,-12.8,131.13
822,Black Jungle,NT,-12.8,131.13
822,Blackmore,NT,-12.8,131.13
822,Border Store,NT,-12.8,131.13
822,Burrundie,NT,-12.8,131.13
822,Bynoe,NT,-12.8,131.13
822,Bynoe Harbour,NT,-12.8,131.13
822,Camp Creek,NT,-12.8,131.13
822,Channel Island,NT,-12.8,131.13
822,Charles Darwin,NT,-12.8,131.13
822,Charlotte,NT,-12.8,131.13
822,Claravale,NT,-12.8,131.13
822,Cobourg,NT,-12.8,131.13
822,Collett Creek,NT,-12.8,131.13
822,Coomalie Creek,NT,-12.8,131.13
822,Cox Peninsula,NT,-12.8,131.13
822,Croker Island,NT,-12.8,131.13
822,Daly,NT,-12.8,131.13
822,Daly River,NT,-12.8,131.13
822,Darwin MC,NT,-12.8,131.13
822,Darwin River Dam,NT,-12.8,131.13
822,Delissaville,NT,-12.8,131.13
822,Douglas-Daly,NT,-12.8,131.13
822,East Arm,NT,-12.8,131.13
822,East Arnhem,NT,-12.8,131.13
822,Elrundie,NT,-12.8,131.13
822,Eva Valley,NT,-12.8,131.13
822,Finniss Valley,NT,-12.8,131.13
822,Fleming,NT,-12.8,131.13
822,Fly Creek,NT,-12.8,131.13
822,Freds Pass,NT,-12.8,131.13
822,Galiwinku,NT,-12.8,131.13
822,Glyde Point,NT,-12.8,131.13
822,Goulburn Island,NT,-12.8,131.13
822,Gunbalanya,NT,-12.8,131.13
822,Gunn Point,NT,-12.8,131.13
822,Hayes Creek,NT,-12.8,131.13
822,Hidden Valley,NT,-12.8,131.13
822,Hotham,NT,-12.8,131.13
822,Hughes,NT,-12.8,131.13
822,Kakadu,NT,-12.8,131.13
822,Koolpinyah,NT,-12.8,131.13
822,Lake Bennett,NT,-12.8,131.13
822,Lambells Lagoon,NT,-12.8,131.13
822,Litchfield Park,NT,-12.8,131.13
822,Livingstone,NT,-12.8,131.13
822,Lloyd Creek,NT,-12.8,131.13
822,Mandorah,NT,-12.8,131.13
822,Maningrida,NT,-12.8,131.13
822,Maranunga,NT,-12.8,131.13
822,Margaret River,NT,-12.8,131.13
822,Marrakai,NT,-12.8,131.13
822,Mcminns Lagoon,NT,-12.8,131.13
822,Mickett Creek,NT,-12.8,131.13
822,Middle Point,NT,-12.8,131.13
822,Milikapiti,NT,-12.8,131.13
822,Milingimbi,NT,-12.8,131.13
822,Millwood,NT,-12.8,131.13
822,Milyakburra,NT,-12.8,131.13
822,Minjilang,NT,-12.8,131.13
822,Mount Bundey,NT,-12.8,131.13
822,Murrumujuk,NT,-12.8,131.13
822,Nauiyu,NT,-12.8,131.13
822,Nemarluk,NT,-12.8,131.13
822,Nganmarriyanga,NT,-12.8,131.13
822,Nguiu,NT,-12.8,131.13
822,Numbulwar,NT,-12.8,131.13
822,Numburindi,NT,-12.8,131.13
822,Oenpelli,NT,-12.8,131.13
822,Palumpa,NT,-12.8,131.13
822,Peppimenarti,NT,-12.8,131.13
822,Pirlangimpi,NT,-12.8,131.13
822,Point Stephens,NT,-12.8,131.13
822,Point Stuart,NT,-12.8,131.13
822,Pularumpi,NT,-12.8,131.13
822,Rakula,NT,-12.8,131.13
822,Ramingining,NT,-12.8,131.13
822,Robin Falls,NT,-12.8,131.13
822,Rum Jungle,NT,-12.8,131.13
822,Sandpalms Roadhouse,NT,-12.8,131.13
822,Southport,NT,-12.8,131.13
822,Stapleton,NT,-12.8,131.13
822,Thamarrurr,NT,-12.8,131.13
822,Tipperary,NT,-12.8,131.13
822,Tivendale,NT,-12.8,131.13
822,Tiwi Islands,NT,-12.8,131.13
822,Tortilla Flats,NT,-12.8,131.13
822,Tumbling Waters,NT,-12.8,131.13
822,Umbakumba,NT,-12.8,131.13
822,Vernon Islands,NT,-12.8,131.13
822,Wadeye,NT,-12.8,131.13
822,Wagait Beach,NT,-12.8,131.13
822,Wak Wak,NT,-12.8,131.13
822,Warruwi,NT,-12.8,131.13
822,Weddell,NT,-12.8,131.13
822,West Arnhem,NT,-12.8,131.13
822,Wickham,NT,-12.8,131.13
822,Winnellie,NT,-12.8,131.13
822,Wishart,NT,-12.8,131.13
822,Woolaning,NT,-12.8,131.13
828,Berrimah,NT,-12.47,130.91
828,Knuckey Lagoon,NT,-12.47,130.91
829,Holtze,NT,-14.46,132.28
829,Pinelands,NT,-14.46,132.28
830,Archer,NT,-12.49,130.97
830,Driver,NT,-12.49,130.97
830,Durack,NT,-12.49,130.97
830,Farrar,NT,-12.49,130.97
830,Gray,NT,-12.49,130.97
830,Marlow Lagoon,NT,-12.49,130.97
830,Moulden,NT,-12.49,130.97
830,Palmerston,NT,-12.49,130.97
830,Shoal Bay,NT,-12.49,130.97
830,Woodroffe,NT,-12.49,130.97
830,Yarrawonga,NT,-12.49,130.97
831,Palmerston,NT,-12.48,130.98
832,Bakewell,NT,-12.49,130.99
832,Bellamack,NT,-12.49,130.99
832,Gunn,NT,-12.49,130.99
832,Johnston,NT,-12.49,130.99
832,Mitchell,NT,-12.49,130.99
832,Rosebery,NT,-12.49,130.99
832,Rosebery Heights,NT,-12.49,130.99
832,Zuccoli,NT,-12.49,130.99
835,Coolalinga,NT,-12.48,131.03
835,Howard Springs,NT,-12.48,131.03
835,Virginia,NT,-12.48,131.03
836,Girraween,NT,-12.53,131.1
836,Herbert,NT,-12.53,131.1
836,Humpty Doo,NT,-12.53,131.1
837,Manton,NT,-12.46,130.84
837,Noonamah,NT,-12.46,130.84
838,Berry Springs,NT,-12.71,131
840,Dundee Beach,NT,-12.72,130.35
840,Dundee Downs,NT,-12.72,130.35
840,Dundee Forest,NT,-12.72,130.35
841,Darwin River,NT,-12.8,130.96
845,Batchelor,NT,-13.04,131.07
846,Adelaide River,NT,-13.23,131.1
847,Pine Creek,NT,-13.82,131.84
850,Cossack,NT,-14.46,132.26
850,Emungalan,NT,-14.46,132.26
850,Katherine,NT,-14.46,132.26
850,Katherine East,NT,-14.46,132.26
850,Katherine South,NT,-14.46,132.26
850,Lansdowne,NT,-14.46,132.26
851,Katherine,NT,-14.46,132.26
852,Arnold,NT,-14.92,133.06
852,Baines,NT,-14.92,133.06
852,Barunga,NT,-14.92,133.06
852,Beswick,NT,-14.92,133.06
852,Beswick Creek,NT,-14.92,133.06
852,Binjari,NT,-14.92,133.06
852,Birdum,NT,-14.92,133.06
852,Bradshaw,NT,-14.92,133.06
852,Buchanan,NT,-14.92,133.06
852,Bulman Weemol,NT,-14.92,133.06
852,Creswell,NT,-14.92,133.06
852,Daguragu,NT,-14.92,133.06
852,Daly Waters,NT,-14.92,133.06
852,Delamere,NT,-14.92,133.06
852,Dunmarra,NT,-14.92,133.06
852,Edith,NT,-14.92,133.06
852,Elsey,NT,-14.92,133.06
852,Elsey Station,NT,-14.92,133.06
852,Florina,NT,-14.92,133.06
852,Flying Fox,NT,-14.92,133.06
852,Gregory,NT,-14.92,133.06
852,Gulung Mardrulk,NT,-14.92,133.06
852,Gurindji,NT,-14.92,133.06
852,Jilkminggan,NT,-14.92,133.06
852,Kalkarindji,NT,-14.92,133.06
852,Katherine,NT,-14.92,133.06
852,Lajamanu,NT,-14.92,133.06
852,Larrimah,NT,-14.92,133.06
852,Limmen,NT,-14.92,133.06
852,Manbulloo,NT,-14.92,133.06
852,Maranboy,NT,-14.92,133.06
852,Mataranka,NT,-14.92,133.06
852,Mcarthur,NT,-14.92,133.06
852,Miniyeri,NT,-14.92,133.06
852,Ngukurr,NT,-14.92,133.06
852,Nitmiluk,NT,-14.92,133.06
852,Pellew Islands,NT,-14.92,133.06
852,Pigeon Hole,NT,-14.92,133.06
852,Robinson River,NT,-14.92,133.06
852,Sturt Plateau,NT,-14.92,133.06
852,Tanami East,NT,-14.92,133.06
852,Timber Creek,NT,-14.92,133.06
852,Top Springs,NT,-14.92,133.06
852,Uralla,NT,-14.92,133.06
852,Venn,NT,-14.92,133.06
852,Victoria River,NT,-14.92,133.06
852,Victoria River Downs,NT,-14.92,133.06
852,Warumungu,NT,-14.92,133.06
852,Wave Hill,NT,-14.92,133.06
852,Wilton,NT,-14.92,133.06
852,Yarralin,NT,-14.92,133.06
853,Tindal,NT,0,0
854,Borroloola,NT,-16.82,137.15
854,King Ash Bay,NT,-16.82,137.15
860,Tennant Creek,NT,-19.65,134.19
861,Brunchilly,NT,-18.94,134.32
861,Tennant Creek,NT,-18.94,134.32
862,Avon Downs,NT,-20.23,137.76
862,Calvert,NT,-20.23,137.76
862,Cresswell Downs,NT,-20.23,137.76
862,Elliott,NT,-20.23,137.76
862,Helen Springs,NT,-20.23,137.76
862,Muckaty Station,NT,-20.23,137.76
862,Newcastle Waters,NT,-20.23,137.76
862,Nicholson,NT,-20.23,137.76
862,Pamayu,NT,-20.23,137.76
862,Phillip Creek Station,NT,-20.23,137.76
862,Renner Springs,NT,-20.23,137.76
862,Tablelands,NT,-20.23,137.76
862,Tennant Creek,NT,-20.23,137.76
862,Three Ways,NT,-20.23,137.76
862,Warrego,NT,-20.23,137.76
862,Wollogorang Station,NT,-20.23,137.76
862,Wycliffe Well,NT,-20.23,137.76
870,Alice Springs,NT,-12.44,130.84
870,Araluen,NT,-12.44,130.84
870,Arumbera,NT,-12.44,130.84
870,Braitling,NT,-12.44,130.84
870,Ciccone,NT,-12.44,130.84
870,Connellan,NT,-12.44,130.84
870,Desert Springs,NT,-12.44,130.84
870,East Side,NT,-12.44,130.84
870,Flynn,NT,-12.44,130.84
870,Gillen,NT,-12.44,130.84
870,Ilparpa,NT,-12.44,130.84
870,Irlpme,NT,-12.44,130.84
870,Larapinta,NT,-12.44,130.84
870,Mount Johns,NT,-12.44,130.84
870,Ross,NT,-12.44,130.84
870,Sadadeen,NT,-12.44,130.84
870,Stuart,NT,-12.44,130.84
870,The Gap,NT,-12.44,130.84
870,Undoolya,NT,-12.44,130.84
870,White Gums,NT,-12.44,130.84
871,Alice Springs,NT,-12.44,130.84
872,Aherrenge,NT,-21,134.38
872,Ali Curung,NT,-21,134.38
872,Alice Springs,NT,-21,134.38
872,Amata,NT,-21,134.38
872,Amoonguna,NT,-21,134.38
872,Ampilatwatja,NT,-21,134.38
872,Anatye,NT,-21,134.38
872,Anmatjere,NT,-21,134.38
872,Antewenegerrde,NT,-21,134.38
872,Areyonga,NT,-21,134.38
872,Atitjere,NT,-21,134.38
872,Ayers Rock,NT,-21,134.38
872,Barrow Creek,NT,-21,134.38
872,Burt Plain,NT,-21,134.38
872,Canteen Creek,NT,-21,134.38
872,Chilla Well,NT,-21,134.38
872,Costello,NT,-21,134.38
872,Davenport,NT,-21,134.38
872,Docker River,NT,-21,134.38
872,Engawala,NT,-21,134.38
872,Erldunda,NT,-21,134.38
872,Ernabella,SA,-21,134.38
872,Finke,NT,-21,134.38
872,Fregon,SA,-21,134.38
872,Ghan,NT,-21,134.38
872,Gibson Desert North,WA,-21,134.38
872,Gibson Desert South,WA,-21,134.38
872,Haasts Bluff,NT,-21,134.38
872,Hale,NT,-21,134.38
872,Hart,NT,-21,134.38
872,Hart Range,NT,-21,134.38
872,Hermannsburg,NT,-21,134.38
872,Hugh,NT,-21,134.38
872,Imanpa,NT,-21,134.38
872,Indulkana,SA,-21,134.38
872,Ininti Store,NT,-21,134.38
872,Jay Creek,NT,-21,134.38
872,Kaltukatjara,NT,-21,134.38
872,Kintore,NT,-21,134.38
872,Kiwirrkurra,NT,-21,134.38
872,Kulgera,NT,-21,134.38
872,Kunparrka,NT,-21,134.38
872,Lake Mackay,NT,-21,134.38
872,Laramba,NT,-21,134.38
872,Mereenie,NT,-21,134.38
872,Mimili,SA,-21,134.38
872,Mount Liebig,NT,-21,134.38
872,Mount Zeil,NT,-21,134.38
872,Mulga Bore,NT,-21,134.38
872,Murputja Homelands,NT,-21,134.38
872,Mutitjulu,NT,-21,134.38
872,Namatjira,NT,-21,134.38
872,Ngaanyatjarra-Giles,WA,-21,134.38
872,Nyapari,NT,-21,134.38
872,Nyirripi,NT,-21,134.38
872,Papunya,NT,-21,134.38
872,Patjarr,NT,-21,134.38
872,Petermann,NT,-21,134.38
872,Pitjantjatjara Homelands,NT,-21,134.38
872,Sandover,NT,-21,134.38
872,Santa Teresa,NT,-21,134.38
872,Simpson,NT,-21,134.38
872,Tanami,NT,-21,134.38
872,Tara,NT,-21,134.38
872,Thangkenharenge,NT,-21,134.38
872,Ti Tree,NT,-21,134.38
872,Titjikala,NT,-21,134.38
872,Tjirrkarli,NT,-21,134.38
872,Tjukurla,NT,-21,134.38
872,Uluru,NT,-21,134.38
872,Umpangara,NT,-21,134.38
872,Urapuntja,NT,-21,134.38
872,Wallace Rockhole,NT,-21,134.38
872,Wanarn,NT,-21,134.38
872,Willowra,NT,-21,134.38
872,Wilora,NT,-21,134.38
872,Wingellina,NT,-21,134.38
872,Wutunugurra,NT,-21,134.38
872,Yuelamu,NT,-21,134.38
872,Yuendumu,NT,-21,134.38
872,Yulara,NT,-21,134.38
880,Gapuwiyak,NT,-12.38,130.87
880,Gove,NT,-12.38,130.87
880,Gunyangara,NT,-12.38,130.87
880,Nhulunbuy,NT,-12.38,130.87
880,Yirrkala,NT,-12.38,130.87
881,Nhulunbuy,NT,-12.18,136.78
885,Alyangula,NT,0,0
886,Jabiru,NT,-12.38,130.89
906,Winnellie,NT,-12.43,130.88
907,Winnellie,NT,-12.43,130.88
909,Charles Darwin University,NT,0,0
1001,Sydney,NSW,-33.79,151.27
1002,Sydney,NSW,-33.79,151.27
1003,Sydney,NSW,-33.79,151.27
1004,Sydney,NSW,-33.79,151.27
1005,Sydney,NSW,-33.79,151.27
1006,Sydney,NSW,-33.79,151.27
1007,Sydney,NSW,-33.79,151.27
1008,Sydney,NSW,-33.79,151.27
1009,Sydney,NSW,-33.79,151.27
1010,Sydney,NSW,-33.79,151.27
1011,Sydney,NSW,-33.79,151.27
1020,Sydney,NSW,-33.79,151.27
1021,Sydney,NSW,-33.79,151.27
1022,Sydney,NSW,-33.79,151.27
1023,Sydney,NSW,-33.79,151.27
1025,Sydney,NSW,-33.79,151.27
1026,Sydney,NSW,-33.79,151.27
1027,Sydney,NSW,-33.79,151.27
1028,Sydney,NSW,-33.79,151.27
1029,Sydney,NSW,-33.79,151.27
1030,Sydney,NSW,-33.79,151.27
1031,Sydney,NSW,-33.79,151.27
1032,Sydney,NSW,-33.66,150.87
1033,Sydney,NSW,-33.79,151.27
1034,Sydney,NSW,-33.79,151.27
1035,Sydney,NSW,-33.79,151.27
1036,Sydney,NSW,-33.79,151.27
1037,Sydney,NSW,-33.79,151.27
1038,Sydney,NSW,-33.79,151.27
1039,Sydney,NSW,-33.79,151.27
1040,Sydney,NSW,-33.79,151.27
1041,Sydney,NSW,-33.79,151.27
1042,Sydney,NSW,-33.79,151.27
1043,Sydney,NSW,-33.79,151.27
1044,Sydney,NSW,-33.79,151.27
1045,Sydney,NSW,-33.79,151.27
1046,Sydney,NSW,-33.79,151.27
1100,Sydney,NSW,-33.79,151.27
1101,Sydney,NSW,-33.79,151.27
1105,Sydney,NSW,-33.79,151.27
1106,Sydney,NSW,-33.79,151.27
1107,Sydney,NSW,-33.79,151.27
1108,Sydney,NSW,-33.79,151.27
1109,Sydney,NSW,-33.79,151.27
1110,Sydney,NSW,-33.79,151.27
1112,Sydney,NSW,-33.79,151.27
1113,Sydney,NSW,-33.79,151.27
1114,Sydney,NSW,-33.79,151.27
1115,Sydney,NSW,-33.79,151.27
1116,Sydney,NSW,-33.67,150.87
1117,Sydney,NSW,-33.66,150.87
1118,Sydney,NSW,-33.79,151.27
1119,Sydney,NSW,-33.79,151.27
1120,Sydney,NSW,-33.79,151.27
1121,Sydney,NSW,-33.79,151.27
1122,Sydney,NSW,-33.79,151.27
1123,Sydney,NSW,-33.79,151.27
1124,Sydney,NSW,-33.79,151.27
1125,Sydney,NSW,-33.79,151.27
1126,Sydney,NSW,-33.79,151.27
1127,Sydney,NSW,-33.79,151.27
1128,Sydney,NSW,-33.79,151.27
1129,Sydney,NSW,-33.79,151.27
1130,Sydney,NSW,-33.79,151.27
1131,Sydney,NSW,-33.79,151.27
1132,Sydney,NSW,-33.66,150.87
1133,Sydney,NSW,-33.79,151.27
1134,Sydney,NSW,-33.79,151.27
1135,Sydney,NSW,-33.79,151.27
1136,Sydney,NSW,-33.79,151.27
1137,Sydney,NSW,-33.79,151.27
1138,Sydney,NSW,-33.79,151.27
1139,Sydney,NSW,-33.79,151.27
1140,Sydney,NSW,-33.79,151.27
1141,Sydney,NSW,-33.79,151.27
1142,Sydney,NSW,-33.79,151.27
1143,Sydney,NSW,-33.79,151.27
1144,Sydney,NSW,-33.79,151.27
1145,Sydney,NSW,-33.79,151.27
1146,Sydney,NSW,-33.79,151.27
1147,Sydney,NSW,-33.79,151.27
1148,Sydney,NSW,-33.79,151.27
1149,Sydney,NSW,-33.79,151.27
1150,Sydney,NSW,-33.79,151.27
1151,Sydney,NSW,-33.79,151.27
1152,Sydney,NSW,-33.79,151.27
1153,Sydney,NSW,-33.79,151.27
1154,Sydney,NSW,-33.79,151.27
1155,Sydney,NSW,-33.79,151.27
1156,Sydney,NSW,-33.79,151.27
1157,Sydney,NSW,-33.79,151.27
1158,Sydney,NSW,-33.79,151.27
1159,Sydney,NSW,-33.79,151.27
1160,Sydney,NSW,-33.79,151.27
1161,Sydney,NSW,-33.79,151.27
1162,Sydney,NSW,-33.79,151.27
1163,Sydney,NSW,-33.79,151.27
1164,Sydney,NSW,-33.79,151.27
1165,Sydney,NSW,-33.79,151.27
1166,Sydney,NSW,-33.79,151.27
1167,Sydney,NSW,-33.79,151.27
1168,Sydney,NSW,-33.79,151.27
1169,Sydney,NSW,-33.79,151.27
1170,Sydney,NSW,-33.79,151.27
1171,Sydney,NSW,-33.79,151.27
1172,Sydney,NSW,-33.79,151.27
1173,Sydney,NSW,-33.79,151.27
1174,Sydney,NSW,-33.79,151.27
1175,Sydney,NSW,-33.79,151.27
1176,Sydney,NSW,-33.79,151.27
1177,Sydney,NSW,-33.79,151.27
1178,Sydney,NSW,-33.79,151.27
1179,Sydney,NSW,-33.79,151.27
1180,Sydney,NSW,-33.79,151.27
1181,Sydney,NSW,-33.79,151.27
1182,Sydney,NSW,-33.79,151.27
1183,Sydney,NSW,-33.79,151.27
1184,Sydney,NSW,-33.79,151.27
1185,Sydney,NSW,-33.79,151.27
1186,Sydney,NSW,-33.79,151.27
1187,Sydney,NSW,-33.79,151.27
1188,Sydney,NSW,-33.79,151.27
1189,Sydney,NSW,-33.79,151.27
1190,Sydney,NSW,-33.79,151.27
1191,Sydney,NSW,-33.79,151.27
1192,Sydney,NSW,-34.79,147.69
1193,Sydney,NSW,-33.79,151.27
1194,Sydney,NSW,-33.79,151.27
1195,Sydney,NSW,-33.79,151.27
1196,Sydney,NSW,-33.79,151.27
1197,Sydney,NSW,-33.79,151.27
1198,Sydney,NSW,-33.79,151.27
1199,Sydney,NSW,-33.79,151.27
1200,Sydney,NSW,-33.79,151.27
1201,Sydney,NSW,-33.79,151.27
1202,Sydney,NSW,-33.79,151.27
1203,Sydney,NSW,-33.79,151.27
1204,Sydney,NSW,-33.79,151.27
1205,Sydney,NSW,-33.79,151.27
1206,Sydney,NSW,-33.79,151.27
1207,Sydney,NSW,-33.79,151.27
1208,Haymarket,NSW,-29.82,151.66
1209,Australia Square,NSW,-33.89,151.18
1210,Australia Square,NSW,-33.89,151.18
1211,Australia Square,NSW,-33.89,151.18
1212,Australia Square,NSW,-33.89,151.18
1213,Australia Square,NSW,-33.89,151.18
1214,Australia Square,NSW,-33.89,151.18
1215,Australia Square,NSW,-33.89,151.18
1216,Grosvenor Place,NSW,-33.74,151.03
1217,Grosvenor Place,NSW,-33.74,151.03
1218,Grosvenor Place,NSW,-33.74,151.03
1219,Grosvenor Place,NSW,-33.74,151.03
1220,Grosvenor Place,NSW,-33.74,151.03
1221,Royal Exchange,NSW,-33.87,151.21
1222,Royal Exchange,NSW,-33.87,151.21
1223,Royal Exchange,NSW,-33.87,151.21
1224,Royal Exchange,NSW,-33.87,151.21
1225,Royal Exchange,NSW,-33.87,151.21
1226,Queen Victoria Building,NSW,-33.87,151.21
1227,Queen Victoria Building,NSW,-33.87,151.21
1228,Queen Victoria Building,NSW,-33.87,151.21
1229,Queen Victoria Building,NSW,-33.87,151.21
1230,Queen Victoria Building,NSW,-33.87,151.21
1231,Sydney South,NSW,-33.82,151.04
1232,Sydney South,NSW,-33.82,151.04
1233,Sydney South,NSW,-33.82,151.04
1234,Sydney South,NSW,-33.82,151.04
1235,Sydney South,NSW,-33.82,151.04
1236,Haymarket,NSW,-29.82,151.66
1237,Haymarket,NSW,-29.82,151.66
1238,Haymarket,NSW,-29.82,151.66
1239,Haymarket,NSW,-29.82,151.66
1240,Haymarket,NSW,-29.82,151.66
1291,Sydney,NSW,-33.79,151.27
1292,Sydney,NSW,-33.79,151.27
1293,Sydney,NSW,-33.79,151.27
1294,Sydney,NSW,-33.79,151.27
1295,Sydney,NSW,-33.79,151.27
1296,Sydney,NSW,-33.79,151.27
1297,Sydney,NSW,-33.79,151.27
1298,Sydney,NSW,-33.79,151.27
1299,Sydney,NSW,-33.79,151.27
1300,Darlinghurst,NSW,-33.88,151.22
1311,Eastern Suburbs MC,NSW,0,0
1312,Eastern Suburbs MC,NSW,0,0
1313,Eastern Suburbs MC,NSW,0,0
1314,Eastern Suburbs MC,NSW,0,0
1315,Eastern Suburbs MC,NSW,0,0
1316,Eastern Suburbs MC,NSW,0,0
1317,Eastern Suburbs MC,NSW,0,0
1318,Eastern Suburbs MC,NSW,0,0
1319,Eastern Suburbs MC,NSW,0,0
1320,Eastern Suburbs MC,NSW,0,0
1321,Eastern Suburbs MC,NSW,0,0
1322,Eastern Suburbs MC,NSW,0,0
1323,Eastern Suburbs MC,NSW,0,0
1324,Eastern Suburbs MC,NSW,0,0
1325,Eastern Suburbs MC,NSW,0,0
1326,Eastern Suburbs MC,NSW,0,0
1327,Eastern Suburbs MC,NSW,0,0
1328,Eastern Suburbs MC,NSW,0,0
1329,Eastern Suburbs MC,NSW,0,0
1330,Eastern Suburbs MC,NSW,0,0
1331,Eastern Suburbs MC,NSW,0,0
1332,Eastern Suburbs MC,NSW,0,0
1333,Eastern Suburbs MC,NSW,0,0
1334,Eastern Suburbs MC,NSW,0,0
1335,Potts Point,NSW,-33.82,151.12
1340,Kings Cross,NSW,-35.54,148.02
1350,Woollahra,NSW,0,0
1355,Bondi Junction,NSW,-33.89,151.26
1360,Double Bay,NSW,-33.88,151.24
1391,Ato Activity Statements,NSW,0,0
1401,Broadway,NSW,-33.88,151.2
1416,Southern Suburbs MC,NSW,0,0
1419,Southern Suburbs MC,NSW,0,0
1420,Strawberry Hills,NSW,-33.73,150.93
1422,Strawberry Hills,NSW,-33.73,150.93
1423,Strawberry Hills,NSW,-33.73,150.93
1424,Strawberry Hills,NSW,-33.73,150.93
1425,Strawberry Hills,NSW,-33.73,150.93
1426,Strawberry Hills,NSW,-33.73,150.93
1427,Strawberry Hills,NSW,-33.73,150.93
1428,Strawberry Hills,NSW,-33.73,150.93
1429,Strawberry Hills,NSW,-33.73,150.93
1430,Eveleigh,NSW,-33.89,151.2
1435,Alexandria,NSW,-33.71,151.11
1440,Waterloo,NSW,-33.9,151.06
1441,Waterloo,NSW,-33.9,151.06
1445,Rosebery,NSW,-34.08,151.01
1450,Camperdown,NSW,-30.31,153.14
1455,Botany,NSW,-33.95,151.2
1460,Mascot,NSW,-33.93,151.21
1465,Kensington,NSW,-33.89,151.14
1466,Unsw Sydney,NSW,-33.91,151.23
1470,Drummoyne,NSW,-33.84,151.15
1475,Marrickville,NSW,-33.91,151.15
1476,Marrickville,NSW,-33.91,151.15
1480,Kingsgrove,NSW,-33.94,151.1
1481,Hurstville BC,NSW,0,0
1484,Kingsgrove DC,NSW,0,0
1485,Kogarah,NSW,0,0
1487,Kogarah,NSW,0,0
1490,Miranda,NSW,-34.04,151.11
1493,Hurstville,NSW,-33.98,151.09
1495,Caringbah,NSW,-34.05,151.12
1499,Sutherland,NSW,-34.02,151.06
1515,West Chatswood,NSW,-33.82,151.21
1560,Northbridge,NSW,0,0
1565,Milsons Point,NSW,-33.87,151.19
1570,Artarmon,NSW,-33.81,151.19
1582,Crows Nest,NSW,-33.83,151.2
1585,Crows Nest,NSW,-33.83,151.2
1590,St Leonards,NSW,-33.29,151.47
1595,Lane Cove,NSW,-33.79,151.19
1597,Lane Cove,NSW,-33.79,151.19
1602,Lane Cove DC,NSW,0,0
1608,Lane Cove DC,NSW,0,0
1610,Lane Cove DC,NSW,0,0
1611,Lane Cove DC,NSW,0,0
1630,Hornsby,NSW,-33.71,151.1
1635,Hornsby Westfield,NSW,0,0
1639,Frenchs Forest,NSW,-33.79,151.25
1640,Frenchs Forest,NSW,-33.79,151.25
1655,Manly,NSW,-33.33,151.51
1658,Mona Vale,NSW,-33.7,151.22
1660,Mona Vale,NSW,-33.7,151.22
1670,North Ryde BC,NSW,0,0
1675,Gladesville,NSW,-33.83,151.14
1680,Ryde,NSW,-33.76,151.14
1685,West Ryde,NSW,-33.8,151.09
1690,Northern Suburbs MC,NSW,0,0
1691,Northern Suburbs MC,NSW,0,0
1692,Northern Suburbs MC,NSW,0,0
1693,Northern Suburbs MC,NSW,0,0
1694,Northern Suburbs MC,NSW,0,0
1695,Northern Suburbs MC,NSW,0,0
1696,Northern Suburbs MC,NSW,0,0
1697,Northern Suburbs MC,NSW,0,0
1698,Northern Suburbs MC,NSW,0,0
1699,Northern Suburbs MC,NSW,0,0
1700,Ermington,NSW,-33.95,151.21
1701,Rydalmere BC,NSW,0,0
1710,Epping,NSW,-33.78,151.12
1712,Epping,NSW,-33.78,151.12
1715,Pennant Hills,NSW,-33.76,151.05
1730,Seven Hills,NSW,-33.76,150.97
1740,Parramatta,NSW,-33.89,151.14
1741,Parramatta,NSW,-33.89,151.14
1750,North Parramatta,NSW,-33.86,151.02
1755,Baulkham Hills,NSW,-33.77,150.97
1765,Castle Hill,NSW,-33.74,151.03
1771,Pennant Hills,NSW,-33.76,151.05
1781,Seven Hills MC,NSW,0,0
1790,St Marys,NSW,-33.86,151.2
1797,Penrith South DC,NSW,0,0
1800,Ashfield,NSW,-34.1,150.78
1805,Burwood,NSW,-33.89,151.1
1811,Silverwater,NSW,-33.82,151.05
1816,Strathfield,NSW,-33.88,151.09
1819,Strathfield,NSW,-33.88,151.09
1825,Lidcombe,NSW,0,0
1826,Lidcombe,NSW,0,0
1830,Granville,NSW,-33.86,150.95
1831,Granville,NSW,-33.86,150.95
1835,Auburn,NSW,-33.88,151.02
1848,Guildford,NSW,-33.85,150.97
1851,Wetherill Park DC,NSW,0,0
1860,Fairfield,NSW,-33.85,150.96
1871,Liverpool,NSW,-33.89,151.1
1875,Moorebank,NSW,-33.95,150.92
1885,Bankstown,NSW,-33.91,151.02
1888,Bankstown,NSW,-33.91,151.02
1890,Ingleburn,NSW,-33.96,150.8
1891,Milperra,NSW,-33.93,151
1900,Leightonfield MC,NSW,0,0
1902,Leightonfield MC,NSW,0,0
2000,Barangaroo,NSW,-33.86,151.21
2000,Dawes Point,NSW,-33.86,151.21
2000,Haymarket,NSW,-33.86,151.21
2000,Millers Point,NSW,-33.86,151.21
2000,Parliament House,NSW,-33.86,151.21
2000,Sydney,NSW,-33.86,151.21
2000,Sydney South,NSW,-33.86,151.21
2000,The Rocks,NSW,-33.86,151.21
2001,Sydney,NSW,-33.79,151.27
2002,World Square,NSW,-35.97,146.41
2004,Alexandria MC,NSW,0,0
2004,Eastern Suburbs MC,NSW,0,0
2006,The University Of Sydney,NSW,-33.89,151.19
2007,Broadway,NSW,-33.88,151.2
2007,Ultimo,NSW,-33.88,151.2
2008,Chippendale,NSW,-33.89,151.2
2008,Darlington,NSW,-33.89,151.2
2009,Pyrmont,NSW,-33.87,151.19
2010,Darlinghurst,NSW,-33.88,151.22
2010,Surry Hills,NSW,-33.88,151.22
2011,Elizabeth Bay,NSW,-33.87,151.23
2011,Hmas Kuttabul,NSW,-33.87,151.23
2011,Potts Point,NSW,-33.87,151.23
2011,Rushcutters Bay,NSW,-33.87,151.23
2011,Woolloomooloo,NSW,-33.87,151.23
2012,Strawberry Hills,NSW,-33.73,150.93
2013,Strawberry Hills,NSW,-33.73,150.93
2015,Alexandria,NSW,-33.9,151.2
2015,Beaconsfield,NSW,-33.9,151.2
2015,Eveleigh,NSW,-33.9,151.2
2016,Redfern,NSW,-33.89,151.2
2017,Waterloo,NSW,-33.9,151.21
2017,Zetland,NSW,-33.9,151.21
2018,Eastlakes,NSW,-33.93,151.21
2018,Rosebery,NSW,-33.93,151.21
2019,Banksmeadow,NSW,-33.96,151.21
2019,Botany,NSW,-33.96,151.21
2020,Mascot,NSW,-33.93,151.19
2020,Sydney Domestic Airport,NSW,-33.93,151.19
2020,Sydney International Airport,NSW,-33.93,151.19
2021,Centennial Park,NSW,-33.89,151.22
2021,Moore Park,NSW,-33.89,151.22
2021,Paddington,NSW,-33.89,151.22
2022,Bondi Junction,NSW,-33.89,151.25
2022,Bondi Junction Plaza,NSW,-33.89,151.25
2022,Queens Park,NSW,-33.89,151.25
2023,Bellevue Hill,NSW,-33.89,151.26
2024,Bronte,NSW,-33.9,151.26
2024,Waverley,NSW,-33.9,151.26
2025,Woollahra,NSW,-33.89,151.24
2026,Bondi,NSW,-33.89,151.26
2026,Bondi Beach,NSW,-33.89,151.26
2026,North Bondi,NSW,-33.89,151.26
2026,Tamarama,NSW,-33.89,151.26
2027,Darling Point,NSW,-33.87,151.24
2027,Edgecliff,NSW,-33.87,151.24
2027,Hmas Rushcutters,NSW,-33.87,151.24
2027,Point Piper,NSW,-33.87,151.24
2028,Double Bay,NSW,-33.88,151.24
2029,Rose Bay,NSW,-33.87,151.28
2030,Dover Heights,NSW,-33.87,151.28
2030,Hmas Watson,NSW,-33.87,151.28
2030,Rose Bay North,NSW,-33.87,151.28
2030,Vaucluse,NSW,-33.87,151.28
2030,Watsons Bay,NSW,-33.87,151.28
2031,Clovelly,NSW,-33.91,151.26
2031,Clovelly West,NSW,-33.91,151.26
2031,Randwick,NSW,-33.91,151.26
2031,St Pauls,NSW,-33.91,151.26
2032,Daceyville,NSW,-33.93,151.23
2032,Kingsford,NSW,-33.93,151.23
2033,Kensington,NSW,-33.91,151.22
2034,Coogee,NSW,-33.92,151.25
2034,South Coogee,NSW,-33.92,151.25
2035,Maroubra,NSW,-33.95,151.24
2035,Maroubra South,NSW,-33.95,151.24
2035,Pagewood,NSW,-33.95,151.24
2036,Chifley,NSW,-33.98,151.24
2036,Eastgardens,NSW,-33.98,151.24
2036,Hillsdale,NSW,-33.98,151.24
2036,La Perouse,NSW,-33.98,151.24
2036,Little Bay,NSW,-33.98,151.24
2036,Malabar,NSW,-33.98,151.24
2036,Matraville,NSW,-33.98,151.24
2036,Phillip Bay,NSW,-33.98,151.24
2036,Port Botany,NSW,-33.98,151.24
2037,Forest Lodge,NSW,-33.88,151.18
2037,Glebe,NSW,-33.88,151.18
2038,Annandale,NSW,-33.88,151.17
2039,Rozelle,NSW,-33.86,151.17
2040,Leichhardt,NSW,-33.88,151.16
2040,Lilyfield,NSW,-33.88,151.16
2041,Balmain,NSW,-33.86,151.18
2041,Balmain East,NSW,-33.86,151.18
2041,Birchgrove,NSW,-33.86,151.18
2042,Enmore,NSW,-33.9,151.17
2042,Newtown,NSW,-33.9,151.17
2043,Erskineville,NSW,-33.9,151.19
2044,St Peters,NSW,-33.91,151.18
2044,Sydenham,NSW,-33.91,151.18
2044,Tempe,NSW,-33.91,151.18
2045,Haberfield,NSW,-33.88,151.14
2046,Abbotsford,NSW,-33.85,151.13
2046,Canada Bay,NSW,-33.85,151.13
2046,Chiswick,NSW,-33.85,151.13
2046,Five Dock,NSW,-33.85,151.13
2046,Rodd Point,NSW,-33.85,151.13
2046,Russell Lea,NSW,-33.85,151.13
2046,Wareemba,NSW,-33.85,151.13
2047,Drummoyne,NSW,-33.85,151.15
2048,Stanmore,NSW,-33.9,151.17
2048,Westgate,NSW,-33.9,151.17
2049,Lewisham,NSW,-33.89,151.14
2049,Petersham,NSW,-33.89,151.14
2049,Petersham North,NSW,-33.89,151.14
2050,Camperdown,NSW,-33.89,151.18
2050,Missenden Road,NSW,-33.89,151.18
2052,Unsw Sydney,NSW,-33.91,151.23
2055,North Sydney,NSW,-33.8,151.1
2057,Chatswood,NSW,-33.79,151.19
2058,Northern Suburbs MC,NSW,0,0
2059,North Sydney,NSW,-33.8,151.1
2060,Hmas Platypus,NSW,-33.84,151.19
2060,Hmas Waterhen,NSW,-33.84,151.19
2060,Lavender Bay,NSW,-33.84,151.19
2060,Mcmahons Point,NSW,-33.84,151.19
2060,North Sydney,NSW,-33.84,151.19
2060,North Sydney Shoppingworld,NSW,-33.84,151.19
2060,Waverton,NSW,-33.84,151.19
2061,Kirribilli,NSW,-33.85,151.21
2061,Milsons Point,NSW,-33.85,151.21
2062,Cammeray,NSW,-33.82,151.21
2063,Northbridge,NSW,-33.82,151.22
2064,Artarmon,NSW,-33.81,151.19
2065,Crows Nest,NSW,-33.83,151.2
2065,Greenwich,NSW,-33.83,151.2
2065,Naremburn,NSW,-33.83,151.2
2065,Royal North Shore Hospital,NSW,-33.83,151.2
2065,St Leonards,NSW,-33.83,151.2
2065,Wollstonecraft,NSW,-33.83,151.2
2066,Lane Cove,NSW,-33.81,151.17
2066,Lane Cove North,NSW,-33.81,151.17
2066,Lane Cove West,NSW,-33.81,151.17
2066,Linley Point,NSW,-33.81,151.17
2066,Longueville,NSW,-33.81,151.17
2066,Northwood,NSW,-33.81,151.17
2066,Riverview,NSW,-33.81,151.17
2067,Chatswood,NSW,-33.8,151.19
2067,Chatswood West,NSW,-33.8,151.19
2068,Castlecrag,NSW,-33.8,151.21
2068,Middle Cove,NSW,-33.8,151.21
2068,North Willoughby,NSW,-33.8,151.21
2068,Willoughby,NSW,-33.8,151.21
2068,Willoughby East,NSW,-33.8,151.21
2068,Willoughby North,NSW,-33.8,151.21
2069,Castle Cove,NSW,-33.78,151.2
2069,Roseville,NSW,-33.78,151.2
2069,Roseville Chase,NSW,-33.78,151.2
2070,East Lindfield,NSW,-33.77,151.19
2070,Lindfield,NSW,-33.77,151.19
2070,Lindfield West,NSW,-33.77,151.19
2071,East Killara,NSW,-33.75,151.17
2071,Killara,NSW,-33.75,151.17
2072,Gordon,NSW,-33.76,151.16
2073,Pymble,NSW,-33.74,151.14
2073,West Pymble,NSW,-33.74,151.14
2074,North Turramurra,NSW,-33.71,151.15
2074,South Turramurra,NSW,-33.71,151.15
2074,Turramurra,NSW,-33.71,151.15
2074,Warrawee,NSW,-33.71,151.15
2075,St Ives,NSW,-33.73,151.16
2075,St Ives Chase,NSW,-33.73,151.16
2076,Normanhurst,NSW,-33.72,151.1
2076,North Wahroonga,NSW,-33.72,151.1
2076,Wahroonga,NSW,-33.72,151.1
2077,Asquith,NSW,-33.69,151.11
2077,Hornsby,NSW,-33.69,151.11
2077,Hornsby Heights,NSW,-33.69,151.11
2077,Waitara,NSW,-33.69,151.11
2079,Mount Colah,NSW,-33.66,151.12
2080,Mount Kuring-Gai,NSW,-33.63,151.23
2081,Berowra,NSW,-33.62,151.15
2081,Cowan,NSW,-33.62,151.15
2082,Berowra Creek,NSW,-33.61,151.14
2082,Berowra Heights,NSW,-33.61,151.14
2082,Berowra Waters,NSW,-33.61,151.14
2083,Bar Point,NSW,-33.51,151.16
2083,Brooklyn,NSW,-33.51,151.16
2083,Cheero Point,NSW,-33.51,151.16
2083,Cogra Bay,NSW,-33.51,151.16
2083,Dangar Island,NSW,-33.51,151.16
2083,Milsons Passage,NSW,-33.51,151.16
2083,Mooney Mooney,NSW,-33.51,151.16
2084,Cottage Point,NSW,-33.62,151.2
2084,Duffys Forest,NSW,-33.62,151.2
2084,Terrey Hills,NSW,-33.62,151.2
2085,Belrose,NSW,-33.74,151.21
2085,Belrose West,NSW,-33.74,151.21
2085,Davidson,NSW,-33.74,151.21
2086,Frenchs Forest,NSW,-33.75,151.23
2086,Frenchs Forest East,NSW,-33.75,151.23
2087,Forestville,NSW,-33.76,151.21
2087,Killarney Heights,NSW,-33.76,151.21
2088,Mosman,NSW,-33.83,151.24
2088,Spit Junction,NSW,-33.83,151.24
2089,Neutral Bay,NSW,-33.83,151.22
2089,Neutral Bay Junction,NSW,-33.83,151.22
2090,Cremorne,NSW,-33.83,151.23
2090,Cremorne Junction,NSW,-33.83,151.23
2090,Cremorne Point,NSW,-33.83,151.23
2091,Hmas Penguin,NSW,0,0
2092,Seaforth,NSW,-33.8,151.25
2093,Balgowlah,NSW,-33.79,151.26
2093,Balgowlah Heights,NSW,-33.79,151.26
2093,Clontarf,NSW,-33.79,151.26
2093,Manly Vale,NSW,-33.79,151.26
2093,North Balgowlah,NSW,-33.79,151.26
2094,Fairlight,NSW,-33.79,151.27
2095,Manly,NSW,-33.8,151.29
2095,Manly East,NSW,-33.8,151.29
2096,Curl Curl,NSW,-33.77,151.29
2096,Freshwater,NSW,-33.77,151.29
2096,Queenscliff,NSW,-33.77,151.29
2097,Collaroy,NSW,-33.74,151.3
2097,Collaroy Beach,NSW,-33.74,151.3
2097,Collaroy Plateau West,NSW,-33.74,151.3
2097,Wheeler Heights,NSW,-33.74,151.3
2099,Cromer,NSW,-33.74,151.28
2099,Dee Why,NSW,-33.74,151.28
2099,Narraweena,NSW,-33.74,151.28
2099,North Curl Curl,NSW,-33.74,151.28
2100,Allambie Heights,NSW,-33.77,151.25
2100,Beacon Hill,NSW,-33.77,151.25
2100,Brookvale,NSW,-33.77,151.25
2100,North Manly,NSW,-33.77,151.25
2100,Oxford Falls,NSW,-33.77,151.25
2100,Warringah Mall,NSW,-33.77,151.25
2101,Elanora Heights,NSW,-33.7,151.28
2101,Ingleside,NSW,-33.7,151.28
2101,Narrabeen,NSW,-33.7,151.28
2101,North Narrabeen,NSW,-33.7,151.28
2102,Warriewood,NSW,-33.69,151.3
2102,Warriewood Shopping Square,NSW,-33.69,151.3
2103,Mona Vale,NSW,-33.68,151.3
2104,Bayview,NSW,-33.66,151.3
2105,Church Point,NSW,-33.64,151.28
2105,Elvina Bay,NSW,-33.64,151.28
2105,Lovett Bay,NSW,-33.64,151.28
2105,Morning Bay,NSW,-33.64,151.28
2105,Scotland Island,NSW,-33.64,151.28
2106,Newport,NSW,-33.66,151.31
2106,Newport Beach,NSW,-33.66,151.31
2107,Avalon,NSW,-33.64,151.33
2107,Avalon Beach,NSW,-33.64,151.33
2107,Bilgola,NSW,-33.64,151.33
2107,Clareville,NSW,-33.64,151.33
2107,Whale Beach,NSW,-33.64,151.33
2108,Coasters Retreat,NSW,-33.6,151.3
2108,Great Mackerel Beach,NSW,-33.6,151.3
2108,Palm Beach,NSW,-33.6,151.3
2109,Macquarie University,NSW,-33.77,151.11
2110,Hunters Hill,NSW,-33.83,151.15
2110,Woolwich,NSW,-33.83,151.15
2111,Boronia Park,NSW,-33.82,151.14
2111,Gladesville,NSW,-33.82,151.14
2111,Henley,NSW,-33.82,151.14
2111,Huntleys Cove,NSW,-33.82,151.14
2111,Huntleys Point,NSW,-33.82,151.14
2111,Monash Park,NSW,-33.82,151.14
2111,Tennyson Point,NSW,-33.82,151.14
2112,Denistone East,NSW,-33.8,151.1
2112,Putney,NSW,-33.8,151.1
2112,Ryde,NSW,-33.8,151.1
2113,Blenheim Road,NSW,-33.8,151.13
2113,East Ryde,NSW,-33.8,151.13
2113,Macquarie Centre,NSW,-33.8,151.13
2113,Macquarie Park,NSW,-33.8,151.13
2113,North Ryde,NSW,-33.8,151.13
2114,Denistone,NSW,-33.8,151.08
2114,Denistone West,NSW,-33.8,151.08
2114,Meadowbank,NSW,-33.8,151.08
2114,Melrose Park,NSW,-33.8,151.08
2114,West Ryde,NSW,-33.8,151.08
2115,Ermington,NSW,-33.81,151.05
2116,Rydalmere,NSW,-33.81,151.03